{
  "list": [
    {
      "name": "Rizal, Jose M.",
      "email": "jose.m.rizal@email.com",
      "phone": "09877888877",
      "location": "Manila",
      "date": "2022-11-02",
      "id": 2
    },
    {
      "name": "Dela Cruz, Juan P.",
      "email": "juandelacruz@email.com",
      "phone": "09877888860",
      "location": "Cebu",
      "date": "2022-11-02",
      "id": 3
    },
    {
      "name": "Clara, Maria D.",
      "email": "mariacla@email.com",
      "phone": "0985488869",
      "location": "Manila",
      "date": "2022-11-02",
      "id": 4
    },
    {
      "name": "Ibarra, Crisostomo S.",
      "email": "crisibarra_damaso@email.com",
      "phone": "09854868869",
      "location": "Manila",
      "date": "2022-11-02",
      "id": 5
    },
    {
      "name": "Damaso, Pedro C.",
      "email": "pedro88damaso@email.com",
      "phone": "09854868768",
      "location": "Cebu",
      "date": "2022-11-02",
      "id": 6
    },
    {
      "name": "test w",
      "email": "",
      "phone": "",
      "location": "",
      "date": "",
      "id": 7
    }
  ]
}